1,โครงการเพื่อชุมชนเข้มแข็งและร่มเย็นบ้านสันติ ๒,เพื่อแก้ไขปัญหาและช่วยเหลือราษฎรที่อาศัยอยู่ในหมู่บ้านที่ได้รับผลกระทบจากเหตุการณ์ความไม่สงบเรียบร้อย ใน ๓ จังหวัดชายแดนภาคใต้,"เมื่อวันที่ ๓ กุมภาพันธ์ พุทธศักราช ๒๕๕๐ พระบาทสมเด็จพระเจ้าอยู่หัว มีพระราชดำริ ให้แก้ไขปัญหาและช่วยเหลือราษฎรที่อาศัยอยู่ในหมู่บ้านที่ได้รับผลกระทบจากเหตุการณ์ความไม่สงบเรียบร้อย ใน ๓ จังหวัดชายแดนภาคใต้ (จังหวัดปัตตานี ยะลา และนราธิวาส) และได้อพยพไปอาศัยอยู่ที่วัดนิโรธสังฆาราม อำเภอเมือง จังหวัดยะลา เนื่องจากหวาดกลัวและไม่กล้าที่จะอยู่อาศัยในหมู่บ้านเดิม 
พระบาทสมเด็จพระเจ้าอยุ่หัว พระราชทานแนวทางการช่วยเหลือราษฎรเพื่อจัดที่อยู่อาศัย โครงสร้างพื้นฐาน และเส้นทางคมนาคมให้แก่ราษฎรที่ได้รับผลกระทบจากเหตุการณ์ความไม่สงบใน ๓ จังหวัดชายแดนภาคใต้ โดยได้พระราชทานชื่อโครงการว่า โครงการเพื่อชุมชนเข้มแข็งและร่มเย็นบ้านสันติ ๒ และพระราชทานวัตถุประสงค์ ๔ ประการ คือ
๑) ความปลอดภัยและมั่นคงในชีวิต
๒) ครอบครัวอบอุ่น คุณภาพชีวิตที่สดใสและสมบูรณ์
๓) ทำมาหากิน และมีที่ทำกินที่ดี มีกิจกรรมเสริมอาชีพที่เหมาะสม
๔) ได้รับการดูแลเรื่องสุขภาพอนามัย และการศึกษาของเยาวชนและลูกหลานที่เหมาะสม
ผลจากการดำเนินโครงการเพื่อชุมชนเข้มแข็งและร่มเย็นบ้านสันติ ๒ ทำให้ราษฎรในพื้นที่มีความรัก ความสามัคคี อยู่ดีมีความสุขและความร่มเย็น และด้วยสำนึกในพระมหากรุณาธิคุณอย่างหาที่สุดมิได้ ราษฎรในหมู่บ้านได้พร้อมใจกันกล่าวปฏิญาณตนว่า จะจงรักภักดีต่อชาติ ศาสนา พระมหากษัตริย์ และจะประพฤติตนเป็นพลเมืองที่ดี และเสริมสร้างความสมานฉันท์ เพื่อให้หมู่บ้านสันติ ๒ เป็นต้นแบบหมู่บ้านชุมชนเข้มแข็งและร่มเย็นตลอดไป 
",หมู่ที่ ๖ ตำบลแม่หวาด อำเภอธารโต จังหวัดยะลา,#โครงการเพื่อชุมชนเข้มแข็งและร่มเย็นบ้านสันติ ๒
2,โครงการพัฒนาอาชีพการเกษตรพื้นที่พรุแฆแฆอันเนื่องมาจากพระราชดำริ  (กิจกรรมขยายเขตไฟฟ้าและจัดหารถฟาร์มแทรกเตอร์),เพื่อช่วยเหลือเกษตรกรในการพัฒนาอาชีพ โดยขยายเขตไฟฟ้ามายังโครงการ และจัดหารถฟาร์ม แทรกเตอร์พร้อมอุปกรณ์ เพื่อบริการเกษตรกรในการบุกเบิกปรับพื้นที่เตรียมดินในการปลูกพืช,"เมื่อวันที่ ๑๖ กันยายน พุทธศักราช ๒๕๔๖  พระบาทสมเด็จพระเจ้าอยู่หัว มีพระราชดำริ ให้ช่วยเหลือเกษตรกรในการพัฒนาอาชีพ โดยขยายเขตไฟฟ้ามายังโครงการ และจัดหารถฟาร์ม แทรกเตอร์พร้อมอุปกรณ์ เพื่อบริการเกษตรกรในการบุกเบิกปรับพื้นที่เตรียมดินในการปลูกพืช การดำเนินงาน พัฒนาอาชีพการเกษตร โดยขยายเขตไฟฟ้าและจัดหารถฟาร์มแทรกเตอร์พร้อมอุปกรณ์ เพื่อบริการเกษตรกรโดยการขยายเขตไฟฟ้าเข้าพื้นที่โครงการ และปักเสาคอนกรีตอัดแรงขนาด ๙ เมตร จำนวน ๙๕ ต้น พาดสายอะลูมิเนียมเปลือยและหุ้มฉนวน ขนาด ๖๐ ตารางมิลลิเมตร ระบบ ๑ เฟส ๓ สาย ระยะทาง ๗,๖๒๒ เมตรพร้อมอุปกรณ์ยึดโยง จำนวน ๕๐ ชุด และจัดหารถฟาร์มแทรกเตอร์พร้อมอุปกรณ์ จำนวน ๑ คัน ทำให้ราษฎรจำนวน ๑๓๘ ราย มีไฟฟ้าเพื่อช่วย อำนวยความสะดวกในการสูบน้ำ เพื่อใช้ทำการเกษตรพื้นที่รวม ๑,๐๐๐ ไร่ ทำให้ราษฎร จำนวน ๗ หมู่บ้านประชากร ๒๕๒ ครัวเรือน มีรถฟาร์มแทรกเตอร์สำหรับใช้ในการปรับปรุงพื้นที่ทำการเกษตร  จำนวน ๑,๐๐๐ ไร่
ผลการดำเนินงาน ปี ๒๕๔๗ จังหวัด ปัตตานี ได้ ดำเนิน การ ขยาย เขต ไฟฟ้า เข้า พื้นที่ โครงการ ฯ โดย การ ปัก เสา คอนกรีตอัดแรง ขนาด ๔ เมตร จำนวน ๔๕ ต้น พาด สาย อ ลู มิ เนียม เปลือย และ หุ้ม ฉนวน ขนาด 50 ตาราง มิลลิเมตร ระบบ ๑ เฟส ๓ สาย ระยะ ทาง ๗,๖๒๒ เมตร พร้อม อุปกรณ์ ยึด โยง จำนวน ๕๐ ชุด และ จัดหา รถ ฟาร์ม แทรกเตอร์ พร้อม อุปกรณ์ จำนวน 5 คัน
",อำเภอสายบุรี อำเภอปะนาเระ จังหวัดปัตตานี,#โครงการพัฒนาอาชีพเกษตรพื้นที่พรุแฆแฆ
3,โครงการจัดหาน้ำให้ราษฎรบ้านตะเหลียง,เพื่อช่วยเหลือราษฎรบ้านตะเหลียงในเรื่องระบบไฟฟ้า ถนน และระบบส่งน้ำเพื่อการเกษตร,"เมื่อวันที่ 13 กันยายน 2546 สมเด็จพระนางเจ้าสิริกิติ์ พระบรมราชินีนาถ พระบรมราชชนนีพันปีหลวง เสด็จพระราชดำเนินพร้อมด้วยพระบาทสมเด็จพระเจ้าอยู่หัว ไปยังหมู่บ้านปศุสัตว์ - เกษตรมูโนะ หมู่ที่ 4 ตำบลโฆษิต อำเภอตากใบ จังหวัดนราธิวาส เพื่อทรงงานศิลปาชีพและเยี่ยมเยียนราษฎร ในการนี้พระบาทสมเด็จพระเจ้าอยู่หัว ได้มีพระราชกระแสให้ดำเนินการช่วยเหลือราษฎรบ้านตะเหลียงในเรื่องระบบไฟฟ้า ถนน และระบบส่งน้ำเพื่อการเกษตร ตามที่นายลือแม เจ๊ะสาแลแม ผู้ใหญ่บ้านตะเหลียง หมู่ที่ 4 ตำบลเกาะสะท้อน อำเภอตากใบ ขอพระราชทานความช่วยเหลือ
         กรมชลประทานจึงได้ดำเนินตามแนวพระราชดำริเป็นโครงการส่งน้ำและบำรุงรักษาลุ่มน้ำโก-ลก จังหวัดนราธิวาส เป็นคลองดิน ต่อมาในปี 2547 ได้ดำเนินการปรับปรุงให้เป็นคลองดาดคอนกรีต รวมทั้งสิ้น 2 สาย สามารถช่วยเหลือราษฎรที่ประสบปัญหาน้ำท่วมในฤดูฝน ตลอดจนช่วยเหลือเกษตรกรที่ขาดแคลนน้ำเพื่อการเกษตร  อุปโภค  บริโภคในฤดูแล้ง ปัญหาน้ำเค็มรุกล้ำตามลำน้ำ และปัญหาน้ำเปรี้ยวจากพรุโต๊ะแดง และประชาชนบริเวณรอบ ๆ และใกล้เคียงพื้นที่โครงการก็ได้รับประโยชน์โครงการดังกล่าวด้วย ไม่ว่าจะเป็นเรื่องได้มีน้ำในการอุปโภค  บริโภค ทำการเกษตรในพื้นที่แปลงเกษตรผสมผสานบ้านปูยู ตำบลเกาะสะท้อง  พื้นที่แปลงเกษตรบ้านปศุสัตว์  เกษตรมูโนะ ตำบลโฆษิต สถานีสูบน้ำช่วยเหลือพื้นที่การเกษตร โครงการเกษตรผสมผสานมูโนะ ตำบลมูโนะ อำเภอสุไหงโก-ลก จังหวัดนราธิวาส
ขอบคุณข้อมูลจาก สำนักงานชลประทานที่ 6 กรมชลประทาน",หมู่ที่ 4 ตำบลเกาะสะท้อน อำเภอตากใบ จังหวัด นราธิวาส,#โครงการจัดหาน้ำให้ราษฎรบ้านตะเหลียง
4,มูลนิธิราชทัณฑ์ปันสุข,เพื่อให้สุขภาพกาย สุขภาพใจที่ดีนั้น เป็นสิ่งที่มีความสำคัญต่อคุณภาพชีวิตของประชาชน ไม่เว้นแม้แต่ผู้ต้องขัง ซึ่งก็คือประชาชนเช่นเดียวกัน,"พระบาทสมเด็จพระเจ้าอยู่หัว มีพระราชประสงค์จัดตั้งมูลนิธิราชทัณฑ์ปันสุข ทำความ ดี เพื่อชาติ ศาสน กษัตริย์ฯ ในพระบรมราชูปถัมภ์ โดยมีวัตถุประสงค์
1. เพื่อพระราชทานความช่วยเหลือในการจัดหาอุปกรณ์ เครื่องมือทางการแพทย์ และเวชภัณฑ์แก่โรงพยาบาลราชทัณฑ์ สถานพยาบาล โรงพยาบาลของหน่วยราชการ และโรงพยาบาลอื่น ๆ  ที่ให้การรักษาผู้ต้องขัง  รวมไปถึงเผยแพร่องค์ความรู้ด้านสุขภาพและการสาธารณสุขสู่ผู้ต้องขังและเจ้าหน้าที่
2. เพื่อส่งเสริมหน่วยงานจิตอาสาพระราชทาน 904 วปร. เข้าไปมีบทบาทในการช่วยเหลือด้านการแพทย์ การพยาบาล  การอบรมให้ความรู้ในเรื่องต่าง ๆ
3. เพื่อดูแลสุขภาพและสวัสดิภาพของผู้ต้องขังให้ได้รับสิทธิในการรักษาพยาบาลและการสาธารณสุขอย่างเท่าเทียมกันตามหลักมนุษยธรรม
4. ดำเนินการร่วมกับภาคราชการ เอกชน และองค์กรต่าง ๆ เพื่อให้ความช่วยเหลือ ผู้ต้องขังในด้านการแพทย์  การพยาบาล และการสาธารณสุข
5. ดำเนินการหรือร่วมมือกับองค์กรการกุศล และองค์กรสาธารณประโยชน์ เพื่อสาธารณประโยชน์อื่น ๆ ที่เกี่ยวข้องกับด้านสุขภาพและการสาธารณสุขของผู้ต้องขัง
6.  ดำเนินกิจกรรมอื่นใดที่ทรงพระกรุณาโปรดเกล้าโปรดกระหม่อมหรือโปรดให้ดำเนินการตามที่มีพระราชดำริเห็นสมควร และไม่ดำเนินการเกี่ยวข้องกับการเมืองแต่ประการใด โดยมีพระบาทสมเด็จพระเจ้าอยู่หัว และ เจ้าคุณพระสินีนาฏ พิลาสกัลยาณี รองประธานที่ปรึกษา รวมถึงสมเด็จพระเจ้าลูกเธอ เจ้าฟ้าพัชรกิติยาภา นเรนทิราเทพยวดี กรมหลวงราชสาริณีสิริพัชร มหาวัชรราชธิดา เป็นองค์ประธานกรรมการ",ทั่วประเทศ,#มูลนิธิราชทัณฑ์ปันสุข 
5,มูลนิธิพัชรสุธาคชานุรักษ์,เพื่อแก้ไขปัญหาความขัดแย้งรุนแรงระหว่างคนและช้างป่าที่เข้ามาบุกรุกพื้นที่ชุมชน,"พระบาทสมเด็จพระเจ้าอยู่หัว มีพระราชประสงค์จัดตั้ง มูลนิธิพัชรสุธาคชานุรักษ์ ในพระบรมราชูปถัมภ์ โดยมีวัตถุประสงค์
1. เพื่อส่งเสริมให้เห็นคุณค่าความสำคัญของช้างป่าตามธรรมชาติ การอนุรักษ์ช้างป่าตามธรรมชาติและการดูแลช่วยเหลือช้างป่าตามธรรมชาติ โดยเฉพาะในพื้นที่จังหวัดภาคตะวันออก
2. เพื่อสนับสนุน ส่งเสริม และแก้ไขปัญหาการอยู่ร่วมกันอย่างสมดุลระหว่างคนกับช้างป่าตามธรรมชาติ
3. ร่วมกับชุมชน หน่วยงานภาครัฐ เอกชน และองค์กรต่างๆ เพื่อสร้างความเข้าใจ ให้การช่วยเหลือ และแก้ไขปัญหาจากช้างป่าตามธรรมชาติบุกรุกหากินในพื้นที่การเกษตรของราษฎรหรือทำให้ราษฎรได้รับความเดือดร้อนโดยเฉพาะตามพื้นที่ในข้อ 1
4. ดำเนินการ หรือร่วมมือกับองค์กรการกุศล และองค์กรสาธารณประโยชน์ เพื่อสาธารณประโยชน์อื่นๆ ที่เกี่ยวข้องกับปัญหาช้างป่าตามธรรมชาติและสิ่งแวดล้อม
5. ดำเนินกิจกรรมอื่นใดที่ทรงพระกรุณาโปรดเกล้าโปรดกระหม่อมหรือโปรดให้ดำเนินการตามที่มีพระราชดำริเห็นสมควร และไม่ดำเนินการเกี่ยวข้องกับการเมืองแต่ประการใดยมี พระบาทสมเด็จพระเจ้าอยู่หัว และ สมเด็จพระนางเจ้าฯ พระบรมราชินี เป็นองค์ประธานที่ปรึกษา รวมถึงสมเด็จพระเจ้าลูกเธอ เจ้าฟ้าพัชรกิติยาภา นเรนทิราเทพยวดี กรมหลวงราชสาริณีสิริพัชร มหาวัชรราชธิดา เป็นองค์ประธานกรรมการ",จังหวัดฉะเชิงเทรา ชลบุรี ระยอง จันทบุรี และสระแก้ว ,#มูลนิธิพัชรสุธาคชานุรักษ์
6,มูลนิธิภูบดินทร์,เพื่อช่วยเหลือ ส่งเสริม และพัฒนาความเป็นอยู่ให้กับประชาชนที่อยู่อาศัยในเขตพื้นที่ที่ดินของรัฐทุกประเภท,"ในหลวง จัดตั้งมูลนิธิภูบดินทร์ ในพระบรมราชูปถัมภ์ เมื่อวันที่ 3  กันยายน  พ.ศ. 2564 ราชกิจจานุเบกษา ได้ประกาศนายทะเบียนมูลนิธิกรุงเทพ เรื่อง จัดตั้งมูลนิธิภูบดินทร์ ในพระบรมราชูปถัมภ์ โดยมีวัตถุประสงค์
1) ช่วยเหลือ ส่งเสริม และพัฒนาความเป็นอยู่ให้กับประชาชนที่อยู่อาศัยในเขตพื้นที่ที่ดินของรัฐทุกประเภท อาทิเช่น ป่าสงวนแห่งชาติ ป่าไม้ถาวร ป่าอนุรักษ์ตามกฎหมาย ป่าอนุรักษ์ตามมติคณะรัฐมนตรี ที่ราชพัสดุ หรือที่สาธารณประโยชน์ ฯลฯ ซึ่งมีการอนุญาตให้ใช้ประโยชน์จากทางราชการเป็นไปตามระเบียบ และข้อกฎหมายของพื้นที่นั้นๆ ให้มีคุณภาพชีวิตที่ดี สามารถดำรงชีพสอดคล้องกับวัฒนธรรม ขนบธรรมเนียม และประเพณี ตามวิถีชุมชนท้องถิ่น และเข้าถึงสิทธิขั้นพื้นฐานต่างๆ 
2) ส่งเสริมชุมชนให้มีการจัดการ ใช้ประโยชน์ และอนุรักษ์ทรัพยากรธรรมชาติในพื้นที่ชุมชนอย่างยั่งยืนสอดคล้องกับวิถีชีวิต 
3) เสริมสร้างความรู้ความเข้าใจ และประสานงานหน่วยงาน องค์กร ภาคเอกชน และประชาชนที่เกี่ยวข้องเพื่อร่วมกันแก้ไขปัญหาและสนับสนุนให้เกิดการพัฒนาชุมชนที่เหมาะสม 
4) ดำเนินการ หรือร่วมมือกับองค์กรการกุศล และองค์กรสาธารณประโยชน์ เพื่อสาธารณประโยชน์อื่นๆ ที่เกี่ยวข้องกับการพัฒนาชุมชนที่เหมาะสมในพื้นที่ดังกล่าว 
5) ดำเนินกิจกรรมอื่นใดที่ทรงพระกรุณาโปรดเกล้าโปรดกระหม่อมหรือโปรดให้ดำเนินการตามที่มีพระราชดำริเห็นสมควร และไม่ดำเนินการเกี่ยวข้องกับการเมืองแต่ประการใดยมี พระบาทสมเด็จพระเจ้าอยู่หัว และ สมเด็จพระนางเจ้าฯ พระบรมราชินี เป็นองค์ประธานที่ปรึกษา รวมถึงสมเด็จพระเจ้าลูกเธอ เจ้าฟ้าพัชรกิติยาภา นเรนทิราเทพยวดี กรมหลวงราชสาริณีสิริพัชร มหาวัชรราชธิดา เป็นองค์ประธานกรรมการ",ทั่วประเทศ,#มูลนิธิภูบดินทร์
7,สืบสานรักษาต่อยอด ประมงสร้างชีวิตพระมหากรุณาธิคุณจากในหลวง สู่ปวงชนชาวไทย โครงการอันเนื่องมาจากพระราชดำริ,เพื่อแก้ไขปัญหาความทุกข์ยากของพสกนิกรที่ประกอบอาชีพด้านต่าง ๆ อาชีพการประมงเป็นอีกอาชีพหนึ่ง ที่ได้รับการสนับสนุนพัฒนาให้เกิดการสร้างอาชีพ สร้างรายได้ มีชีวิตที่ดีขึ้น,"สืบสานรักษาต่อยอด ประมงสร้างชีวิตพระมหากรุณาธิคุณจากในหลวง สู่ปวงชนชาวไทย โครงการอันเนื่องมาจากพระราชดำริ ตามพระราชปณิธาน สืบสาน รักษา ต่อยอดของพระบาทสมเด็จพระเจ้าอยู่หัว นำมาซึ่งการแก้ไขปัญหาความทุกข์ยากของพสกนิกรที่ประกอบอาชีพด้านต่าง ๆ อาชีพการประมงเป็นอีกอาชีพหนึ่ง ที่ได้รับการสนับสนุนพัฒนาให้เกิดการสร้างอาชีพ สร้างรายได้ มีชีวิตที่ดีขึ้น อีกทั้งนำไปสู่การปลูกจิตสำนึกของการรักษา หวงแหน อนุรักษ์ทรัพยากรสัตว์น้ำธรรมชาติ ตามวัตถุประสงค์และเป้าหมายของโครงการอันเนื่องมาจากพระราชดำริของในหลวงรัชกาลที่ 10 จำนวน 77 โครงการ ใน 4 กิจกรรม คือ                                                                                                                                               
กิจกรรมที่ 1 ผลิตพันธุ์สัตว์น้ำ เพื่อปล่อยสัตว์น้ำ โดยเฉพาะพันธุ์ปลาไทย 9 ชนิด ประกอบด้วย ปลาตะเพียนขาว ปลาตะเพียนทอง ปลายี่สกไทย ปลาแก้มช้ำ ปลาสร้อยขาว ปลากระแห ปลาเทโพ ปลาโพง และปลากระโห้ ในแหล่งน้ำธรรมชาติ จำนวน 229,658,000 ตัว อันนำมาซึ่งการเปิดโอกาสให้พันธุ์ปลาไทยเหล่านี้เจริญเติบโตแพร่ขยายพันธุ์ เกิดการฟื้นฟูทรัพยากรสัตว์น้ำให้เกิดความสมดุลในระบบนิเวศน์ของแหล่งน้ำในธรรมชาติ และเกิดความอุดมสมบูรณ์ดังเช่นในอดีต อีกทั้งก่อเกิดประโยชน์ต่อการประกอบอาชีพและเป็นแหล่งอาหารของชุมชนอย่างยั่งยืน
สอง กิจกรรมถ่ายทอดความรู้และเทคโนโลยีด้านการประมง ด้วยการส่งเสริมและพัฒนาอาชีพการเพาะเลี้ยงสัตว์น้ำ และสนับสนุนปัจจัยการผลิต พร้อมกับให้คำแนะนำด้านการเลี้ยงสัตว์น้ำแก่เกษตรกร และด้านการแปรรูปสัตว์น้ำ จำนวน 9,200 ราย
สาม  กิจกรรมประมงโรงเรียน จำนวน 795 แห่ง
สี่  กิจกรรมจุดเรียนรู้และสาธิตการเพาะเลี้ยงสัตว์น้ำ จำนวน 52 แห่ง
ถือเป็นพระมหากรุณาธิคุณหาที่สุดมิได้ต่อราษฏรทั้งประเทศ ที่ทรงทอดพระเนตรความเป็นอยู่ และความทุกข์ยากเดือดร้อน  ทำให้ทรงเข้าพระราชหฤทัยถึงความทุกข์ยากของราษฎรทุกหมู่เหล่า พร้อมได้ทรงพระราชทานแนวความช่วยเหลือ ซึ่งแต่ละพื้นที่นั้นประสบปัญหาแตกต่างกัน จนเกิดการพัฒนาอาชีพ  พัฒนาแหล่งน้ำ และพัฒนาชีวิตความเป็นอยู่  นำมาสู่การพัฒนาที่ยั่งยืน สร้างประโยชน์สุขดั่งเป็นที่ประจักษ์ในวันนี้",ทั่วประเทศ,#สืบสานรักษาต่อยอด
8,โครงการเกษตรวิชญา,เพื่อดำเนินการในลักษณะคลินิกเกษตร เผยแพร่ผลงานวิจัยและเทคโนโลยีการเกษตรจากศูนย์ศึกษาการพัฒนาห้วยฮ่องไคร้  อันเนื่องมาจากพระราชดำริ ในรูปแบบของศูนย์บริการและถ่ายทอดเทคโนโลยีชุมชน และเป็นศูนย์ฝึกอบรมและวิจัยพัฒนาการเกษตรให้เหมาะสมกับพื้นที่,"โครงการเกษตรวิชญา หนึ่งโครงการตามแนวพระราชดำริของพระบาทสมเด็จพระอยู่หัว (รัชกาลที่ 10) ตำบลโป่งแยงอำเภอแม่ริม จังหวัดเชียงใหม่
     โครงการเกษตรวิชญา ตำบลโป่งแยง อำเภอแม่ริม จังหวัดเชียงใหม่ เป็นโครงการตามแนวพระราชดำริพระบาทสมเด็จพระเจ้าอยู่หัว (รัชกาลที่ 10) เมื่อครั้งดำรงพระราชอิสริยยศ สมเด็จพระบรมโอรสาธิราชฯ สยามมกุฎราชกุมาร เพื่อเรียนรู้ตามรอยพระยุคลบาทในพระบาทสมเด็จพระบรมชนกาธิเบศร มหาภูมิพลอดุลยเดชมหาราช บรมนาถบพิตร และทรงเห็นความสำคัญของการเกษตร เมื่อวันที่ 21 ธันวาคม 2544 จึงมีพระราชดำริมอบที่ดินส่วนพระองค์ในพื้นที่บ้านกองแหะ หมู่ 4 ตำบลโป่งแยง อำเภอแม่ริม จังหวัดเชียงใหม่ มีเนื้อที่ทั้งหมด จำนวน 1,350 ไร่ ให้กับกระทรวงเกษตรและสหกรณ์ เพื่อดำเนินการในลักษณะคลินิกเกษตร เผยแพร่ผลงานวิจัยและเทคโนโลยีการเกษตรจากศูนย์ศึกษาการพัฒนาห้วยฮ่องไคร้ 
อันเนื่องมาจากพระราชดำริ ในรูปแบบของศูนย์บริการและถ่ายทอดเทคโนโลยีชุมชน และเป็นศูนย์ฝึกอบรมและวิจัยพัฒนาการเกษตรให้เหมาะสมกับพื้นที่
     ผลการดำเนินโครงการทำให้ชาวบ้านได้เรียนรู้การผลิตและนำเชื้อเพลิงจากวัสดุชีวมวลมาใช้สอยในชีวิตประจำวันและพัฒนาเป็นแหล่งเรียนรู้ในท้องถิ่น ทำให้ปริมาณการใช้ไม้ฟืนจากป่าธรรมชาติลดลง ได้ใช้ประโยชน์จากพื้นที่วนเกษตรและธนาคารอาหารชุมชน 123 ไร่ ส่งผลให้ชาวบ้านเกิดความรักความหวงแหนทรัพยากรป่าไม้และเรียนรู้การจัดการทรัพยากรธรรมชาติและสิ่งแวดล้อมที่ยั่งยืน",ตำบลโป่งแยง อำเภอแม่ริม จังหวัดเชียงใหม่,#โครงการเกษตรวิชญา
9,โครงการปรับปรุงอ่างเก็บน้ำห้วยต้นยางฯ,เพื่อแก้ไขปัญหาการขาดแคลนน้ำสำหรับอุปโภคบริโภค และทำการเกษตร,"ในหลวง ทรงพระกรุณาโปรดเกล้าฯ รับโครงการปรับปรุงอ่างเก็บน้ำห้วยต้นยางฯ เป็นโครงการอันเนื่องมาจากพระราชดำริ เพื่อบรรเทาความเดือดร้อนในการประกอบอาชีพของราษฎร พื้นที่อำเภอพาน จังหวัดเชียงราย
พระบาทสมเด็จพระเจ้าอยู่หัว ทรงพระกรุณาโปรดเกล้าฯ รับไว้เป็นโครงการอันเนื่องมาจากพระราชดำริ เมื่อวันที่ 1 มีนาคม 2560 ตามที่ราษฎรตำบลเจริญเมือง ขอพระราชทานความช่วยเหลือ เนื่องจากขาดแคลนน้ำสำหรับอุปโภคบริโภค และทำการเกษตร ทั้งนี้ คณะกรรมการพิเศษเพื่อประสานงานโครงการอันเนื่องมาจากพระราชดำริ (กปร.) ได้สนับสนุนงบประมาณ ให้กรมชลประทาน เมื่อปี 2562 เพื่อดำเนินการปรับปรุงอ่างเก็บน้ำห้วยต้นยางฯ โดยการเสริมทำนบดิน และปรับปรุงทางระบายน้ำล้น เพื่อเพิ่มความจุของอ่างเก็บน้ำจากเดิม 1,450,000 ลูกบาศก์เมตร เป็น 1,650,000 ลูกบาศก์เมตร 
ปัจจุบันสามารถส่งน้ำช่วยเหลือราษฎรในการอุปโภค บริโภคและการเกษตร ในการทำนาปลูกข้าวและปลูกพืชผัก ในช่วงฤดูฝน จำนวน 4,000 ไร่ และฤดูแล้ง จำนวน 1,000 ไร่ ส่งผลให้ประชาชนได้รับมีน้ำอุปโภคบริโภค และสามารถทำการเกษตรได้ตลอดทั้งปี ราษฎรมีผลผลิตและรายได้เพิ่มขึ้น นับเป็นพระมหากรุณาธิคุณนำมาซึ่งความปลาบปลื้มใจเป็นอย่างยิ่ง",ตำบล เจริญเมือง อำเภอ พาน จังหวัด เชียงราย,#โครงการปรับปรุงอ่างเก็บน้ำห้วยต้นยาง
10,โครงการพัฒนาแหล่งน้ำ,เพื่อช่วยเหลือแก่ราษฏรที่ประสบความเดือดร้อนจากปัญหาการขาดแคลน้ำ เพื่อการอุปโภค บริโภค และการเกษตร,"โครงการพัฒนาแหล่งน้ำ ที่ราษฏรถวายฏีกาขอพระราชทานความช่วยเหลือ จำนวน 94 โครงการ
พระบาทสมเด็จพระเจ้าอยู่หัว  ทรงพระกรุณาโปรดเกล้าฯ พระราชทานความช่วยเหลือแก่ราษฏรที่ประสบความเดือดร้อนจากปัญหาการขาดแคลน้ำ เพื่อการอุปโภค บริโภค และการเกษตร ทรงรับฏีกาโครงการพัฒนาแหล่งน้ำที่ราษฏรขอพระราชทานพระมหากรุณาธิคุณ เป็นโครงการอันเนื่องมาจากพระราชดำริ จำนวน 94 โครงการ
 ภาคเหนือ 40 โครงการ
 ภาคกลาง 6 โครงการ
 ภาคตะวันออกเฉียงเหนือ 20 โครงการ
 ภาคใต้ 28 โครงการ
เมื่อดำเนินการแล้วเสร็จสมบูรณ์ จะสร้างประโยชน์ให้แก่ราษฎรในการประกอบอาชีพเกษตรกรรมได้อย่างมั่นคง",ทั่วประเทศ,#โครงการพัฒนาแหล่งน้ำ
11,เขื่อนแม่งัดสมบูรณ์ชล,เพื่อช่วยบรรเทาปัญหาอุทกภัยในพื้นที่จังหวัดเชียงใหม่ และช่วยเหลือพื้นที่เพาะปลูกในเขตโครงการด้านท้ายอ่างเก็บน้ำ,"เขื่อนแม่งัดสมบูรณ์ชลเป็นเขื่อนดิน เกิดขึ้นจากพระราชดำริของพระบาทสมเด็จพระบรมชนกาธิเบศร มหาภูมิพลอดุลยเดชมหาราช บรมนาถบพิตร เพื่อช่วยบรรเทาปัญหาอุทกภัยในพื้นที่จังหวัดเชียงใหม่ และช่วยเหลือพื้นที่เพาะปลูกในเขตโครงการด้านท้ายอ่างเก็บน้ำ รวมทั้งส่งน้ำสนับสนุนให้กับโครงการชลประทานแม่แฝก โครงการชลประทานแม่ปิงเก่า และฝายราษฎรตามลำน้ำแม่ปิงที่มีอยู่จำนวนมากได้ตลอดทั้งปี นอกจากนี้ ยังอำนวยประโยชน์ในการผลิตไฟฟ้าพลังน้ำ เป็นแหล่งประมง และการท่องเที่ยวที่สำคัญของจังหวัดอีกด้วย
สำหรับโครงการเพิ่มปริมาณน้ำในอ่างเก็บน้ำเขื่อนแม่กวงอุดมธารา ประกอบด้วย ๓ ส่วน คือ
๑) อุโมงค์ส่งน้ำช่วงแม่แตง  แม่งัด โดยก่อสร้างอุโมงค์ส่งน้ำจากลำน้ำแม่แตงมายังอ่างเก็บน้ำเขื่อนแม่งัดสมบูรณ์ชล  
๒) อุโมงค์ส่งน้ำช่วงแม่งัด  แม่กวง โดยก่อสร้างอุโมงค์ส่งน้ำเชื่อมต่อระหว่างเขื่อนแม่งัดสมบูรณ์ชลและอ่างเก็บน้ำเขื่อนแม่กวงอุดมธารา
๓) ระบบท่อส่งน้ำแม่งัด  แม่แตง ซึ่งเป็นการวางท่อส่งน้ำ โดยแรงโน้มถ่วงจากอ่างเก็บน้ำเขื่อนแม่งัดสมบูรณ์ชล มายังคลองสายใหญ่ฝั่งขวาของโครงการส่งน้ำและบำรุงรักษาแม่แตง 
เมื่อดำเนินการเสร็จแล้วจะแก้ไขปัญหาการขาดแคลนน้ำในพื้นที่ลุ่มน้ำแม่กวงอุดมธารา ซึ่งมีพื้นที่ใช้น้ำกว่า ๑๗๕,๐๐๐ ไร่ และสามารถปรับสมดุลน้ำทั้ง ๓ แหล่งน้ำเข้าด้วยกัน
ขอบคุณข้อมูลและภาพจาก สำนักงาน กปร.",ต.ช่อแล อ.แม่แตง จ.เชียงใหม่,#เขื่อนแม่งัดสมบูรณ์ชล
12,โครงการพัฒนาพื้นที่บริเวณหนองอึ่ง,เพื่อแก้ปัญหาให้กับราษฎร จ.ยโสธรจำนวน ๗ หมู่บ้านได้อย่างบูรณาการ ครอบคลุม ตั้งแต่การพัฒนาแหล่งน้ำ การฟื้นฟูปรับปรุงดิน การบรรเทาอุทกภัย การเพิ่มผลผลิตและรายได้,"โครงการพัฒนาพื้นที่บริเวณหนองอึ่ง อันเนื่องมาจากพระราชดำริ เป็นโครงการที่สามารถแก้ปัญหาให้กับราษฎร จ.ยโสธรจำนวน ๗ หมู่บ้านได้อย่างบูรณาการ ครอบคลุม ตั้งแต่การพัฒนาแหล่งน้ำ การฟื้นฟูปรับปรุงดิน การบรรเทาอุทกภัย การเพิ่มผลผลิตและรายได้ การสร้างอาชีพใหม่ รวมทั้งการฟื้นฟูอนุรักษ์ป่าและทรัพยากรธรรมชาติ
โครงการนี้ เริ่มต้นขึ้นจากการเสด็จพระราชดำเนินของพระบรมราชชนนีพันปีหลวง พร้อมด้วยพระบาทสมเด็จพระวชิรเกล้าเจ้าอยู่หัว ขณะทรงดำรงพระอิสริยยศสมเด็จพระบรมโอรสาธิราชฯ สยามมกุฎราชกุมาร ไปทรงเยี่ยมราษฎรบ้านคำน้ำสร้าง ตำบลค้อเหนือ อำเภอเมืองยโสธร จังหวัดยโสธร เมื่อวันที่ ๒๘ พฤศจิกายน ๒๕๔๓ ซึ่งได้รับผลกระทบ จากน้ำท่วม ในการนี้ สมเด็จพระบรมราชชนนีพันปีหลวง ได้พระราชทานพระราชดำริให้หน่วยงาน ราชการต่าง ๆ พิจารณาช่วยเหลือเรื่องปากท้องของราษฎร ในพื้นที่ซึ่งเป็นหมู่บ้านยากจน
ราษฎรได้รับความรู้เพิ่มเติม และการสนับสนุนปัจจัยผลิตพื้นฐานด้านการประกอบอาชีพ มีการถ่ายทอดองค์ความรู้ด้านการจัดการทรัพยากรธรรมชาติไปสู่ประชาชน เพื่อช่วยเสริมสร้างความเข้มแข็งของเครือข่ายด้านการอนุรักษ์และการบริหารจัดการทรัพยากรธรรมชาติ
ขอบคุณข้อมูลจาก หนังสือเฉลิมพระเกียรติฯ รัชกาลที่ ๑๐",ตำบลค้อเหนือ อำเภอเมือง จังหวัดยโสธร ,#โครงการพัฒนาพื้นที่บริเวณหนองอึ่ง
13,โครงการจัดหาน้ำบาดาลขนาดใหญ่แก้ปัญหาภัยแล้ง,เพื่อแก้ไขปัญหาการขาดแคลนน้ำ ประชาชนมีน้ำใช้สอยในช่วงภาวะขาดแคลน,"น้ำพระทัยสู่ใจราษฎร โครงการจัดหาน้ำบาดาลขนาดใหญ่แก้ปัญหาภัยแล้ง
จากพระปฐมบรมราชโองการ เราจะสืบสาน รักษา และต่อยอด และครองแผ่นดินโดยธรรม เพื่อประโยชน์สุขแห่งอาณาราษฎรตลอดไป พระบาทสมเด็จพระเจ้าอยู่หัวทรงมีความมุ่งมั่นในในการทรงงานเพื่อจะสืบสาน รักษา และต่อยอด โครงการอันเนื่องมาจากพระราชดำริ และแนวพระราชดำริต่าง ๆ ของพระบาทสมเด็จพระบรมชนกาธิเบศร มหาภูมิพล อดุลยเดชมหาราช บรมราชบพิตร
และเพื่อสืบสานพระราชปณิธานและแก้ไขปัญหาความเดือดร้อนของราษฎรทุกหมู่เหล่า จึงทรงพระกรุณาโปรดเกล้าโปรดกระหม่อมรับ โครงการจัดหาน้ำบาดาลขนาดใหญ่แก้ปัญหาภัยแล้ง ของกรมทรัพยากรน้ำบาดาล กระทรวงทรัพยากรธรรมชาติและสิ่งแวดล้อม จำนวน 15 โครงการ ครอบคลุม 11 จังหวัด ไว้เป็นโครงการอันเนื่องมาจากพระราชดำริ เพื่อบรรเทาความเดือดร้อนแก่ราษฎรจากภาวะวิกฤติภัยแล้ง ประกอบด้วย
1.พื้นที่ ต.หนองฝ้าย อ.เลาขวัญ จ.กาญจนบุรี
2.พื้นที่ ต.ดงเค็ง อ.หนองสองห้อง จ.ขอนแก่น
3.พื้นที่ ต.ห้วยกระเจา อ.ห้วยกระเจา จ.กาญจนบุรี (จุดที่ 1)
4.พื้นที่ ต.ห้วยกระเจา อ.ห้วยกระเจา จ.กาญจนบุรี (จุดที่ 2)
5.พื้นที่ ต.ด่านทับตะโก อ.จอมบึง จ.ราชบุรี
6.พื้นที่ ต.บางแก้ว อ.เมืองฉะเชิงเทรา จ.ฉะเชิงเทรา
7.พื้นที่ ต.หนองงูเหลือม อ.เมืองนครปฐม จ.นครปฐม
8.พื้นที่ ต.โพรงอากาศ อ.บางน้ำเปรี้ยว จ.ฉะเชิงเทรา
9.พื้นที่ ต.พยุห์ อ.พยุห์ จ.ศรีสะเกษ
10.พื้นที่ ต.นามะเขือ อ.ปลาปาก จ.นครพนม
11.พื้นที่ ต.โพธิ์ตาก และต.นาทราย อ.เมืองนครพนม จ.นครพนม
12.พื้นที่ ต.สายนาวัง อ.นาคู จ.กาฬสินธุ์
13.พื้นที่ ต.ก้อ อ.ลี้ จ.ลำพูน
14.พื้นที่ ต.บ้านกลาง อ.สันป่าตอง จ.เชียงใหม่
15.พื้นที่ ต.เกาะนางคำ อ.ปากพะยูน จ.พัทลุง
พื้นที่ทั้ง 15 นี้ ได้ถูกแก้ไขปัญหาการขาดแคลนน้ำ ประชาชนมีน้ำใช้สอยในช่วงภาวะขาดแคลน นี่คือน้ำพระทัยของสมเด็จพระเจ้าอยู่หัวที่ทรงห่วงใยประชาชนและบำบัดทุกข์บำรุงสุขต่อคนไทยทุกคน
ขอขอบคุณข้อมูลจาก : https://www.thairath.co.th/news/local/2088521",ทั่วประเทศ,#โครงการจัดหาน้ำบาดาลขนาดใหญ่แก้ปัญหาภัยแล้ง
,,,,,
,,,,,
,,,,,
,,,,,
,,,,,
,,,,,
,,,,,
,,,,,
,,,,,
,,,,,
,,,,,
,,,,,
,,,,,
,,,,,
,,,,,
,,,,,
,,,,,
,,,,,
,,,,,
,,,,,
,,,,,
,,,,,
,,,,,
,,,,,
,,,,,
,,,,,
,,,,,
,,,,,
,,,,,
,,,,,
,,,,,
,,,,,
,,,,,
,,,,,
,,,,,
,,,,,
,,,,,
,,,,,
,,,,,
,,,,,
,,,,,
,,,,,
,,,,,
,,,,,
,,,,,
,,,,,
,,,,,
,,,,,
,,,,,
,,,,,
,,,,,
,,,,,
,,,,,
,,,,,
,,,,,
,,,,,
,,,,,
,,,,,
,,,,,
,,,,,
,,,,,
,,,,,
,,,,,
,,,,,
,,,,,
,,,,,
,,,,,
,,,,,
,,,,,
,,,,,
,,,,,
,,,,,
,,,,,
,,,,,
,,,,,
,,,,,
,,,,,
,,,,,
,,,,,
,,,,,
,,,,,
,,,,,
,,,,,
,,,,,
,,,,,
,,,,,
,,,,,
,,,,,
,,,,,
,,,,,
,,,,,
,,,,,
,,,,,
,,,,,
,,,,,
,,,,,
,,,,,
,,,,,
,,,,,
,,,,,
,,,,,
,,,,,
,,,,,
,,,,,
,,,,,
,,,,,
,,,,,
,,,,,
,,,,,
,,,,,
,,,,,
,,,,,
,,,,,
,,,,,
,,,,,
,,,,,
,,,,,
,,,,,
,,,,,
,,,,,
,,,,,
,,,,,
,,,,,
,,,,,
,,,,,
,,,,,
,,,,,
,,,,,
,,,,,
,,,,,
,,,,,
,,,,,
,,,,,
,,,,,
,,,,,
,,,,,
,,,,,
,,,,,
,,,,,
,,,,,
,,,,,
,,,,,
,,,,,
,,,,,
,,,,,
,,,,,
,,,,,
,,,,,
,,,,,
,,,,,
,,,,,
,,,,,
,,,,,
,,,,,
,,,,,
,,,,,
,,,,,
,,,,,
,,,,,
,,,,,
,,,,,
,,,,,
,,,,,
,,,,,
,,,,,
,,,,,
,,,,,
,,,,,
,,,,,
,,,,,
,,,,,
,,,,,
,,,,,
,,,,,
,,,,,
,,,,,
,,,,,
,,,,,
,,,,,
,,,,,
,,,,,
,,,,,
,,,,,
,,,,,
,,,,,
,,,,,
,,,,,
,,,,,
,,,,,
,,,,,
,,,,,
,,,,,
,,,,,
,,,,,
,,,,,
,,,,,
,,,,,
,,,,,
,,,,,
,,,,,
,,,,,
,,,,,
,,,,,
,,,,,
,,,,,
,,,,,
,,,,,
,,,,,
,,,,,
,,,,,
,,,,,
,,,,,
,,,,,
,,,,,
,,,,,
,,,,,
,,,,,
,,,,,
,,,,,
,,,,,
,,,,,
,,,,,
,,,,,
,,,,,
,,,,,
,,,,,
,,,,,
,,,,,
,,,,,
,,,,,
,,,,,
,,,,,
,,,,,
,,,,,
,,,,,
,,,,,
,,,,,
,,,,,
,,,,,
,,,,,
,,,,,
,,,,,
,,,,,
,,,,,
,,,,,
,,,,,
,,,,,
,,,,,
,,,,,
,,,,,
,,,,,
,,,,,
,,,,,
,,,,,
,,,,,
,,,,,
,,,,,
,,,,,
,,,,,
,,,,,
,,,,,
,,,,,
,,,,,
,,,,,
,,,,,
,,,,,
,,,,,
,,,,,
,,,,,
,,,,,
,,,,,
,,,,,
,,,,,
,,,,,
,,,,,
,,,,,
,,,,,
,,,,,
,,,,,
,,,,,
,,,,,
,,,,,
,,,,,
,,,,,
,,,,,
,,,,,
,,,,,
,,,,,
,,,,,
,,,,,
,,,,,
,,,,,
,,,,,
,,,,,
,,,,,
,,,,,
,,,,,
,,,,,
,,,,,
,,,,,
,,,,,
,,,,,
,,,,,
,,,,,
,,,,,
,,,,,
,,,,,
,,,,,
,,,,,
,,,,,
,,,,,
,,,,,
,,,,,
,,,,,
,,,,,
,,,,,
,,,,,
,,,,,
,,,,,
,,,,,
,,,,,
,,,,,
,,,,,
,,,,,
,,,,,
,,,,,
,,,,,
,,,,,
,,,,,
,,,,,
,,,,,
,,,,,
,,,,,
,,,,,
,,,,,
,,,,,
,,,,,
,,,,,
,,,,,
,,,,,
,,,,,
,,,,,
,,,,,
,,,,,
,,,,,
,,,,,
,,,,,
,,,,,
,,,,,
,,,,,
,,,,,
,,,,,
,,,,,
,,,,,
,,,,,
,,,,,
,,,,,
,,,,,
,,,,,
,,,,,
,,,,,
,,,,,
,,,,,
,,,,,
,,,,,
,,,,,
,,,,,
,,,,,
,,,,,
,,,,,
,,,,,
,,,,,
,,,,,
,,,,,
,,,,,
,,,,,
,,,,,
,,,,,
,,,,,
,,,,,
,,,,,
,,,,,
,,,,,
,,,,,
,,,,,
,,,,,
,,,,,
,,,,,
,,,,,
,,,,,
,,,,,
,,,,,
,,,,,
,,,,,
,,,,,
,,,,,
,,,,,
,,,,,
,,,,,
,,,,,
,,,,,
,,,,,
,,,,,
,,,,,
,,,,,
,,,,,
,,,,,
,,,,,
,,,,,
,,,,,
,,,,,
,,,,,
,,,,,
,,,,,
,,,,,
,,,,,
,,,,,
,,,,,
,,,,,
,,,,,
,,,,,
,,,,,
,,,,,
